Name,Term Type,Party,Start Date,End Date,State,District,Office Address,Phone
Robert B. Aderholt,rep,Republican,2023-01-03,2025-01-03,AL,4,266 Cannon House Office Building Washington DC 20515-0104,202-225-4876
Gus M. Bilirakis,rep,Republican,2023-01-03,2025-01-03,FL,12,2306 Rayburn House Office Building Washington DC 20515-0912,202-225-5755
"Sanford D. Bishop, Jr.",rep,Democrat,2023-01-03,2025-01-03,GA,2,2407 Rayburn House Office Building Washington DC 20515-1002,202-225-3631
Earl Blumenauer,rep,Democrat,2023-01-03,2025-01-03,OR,3,1111 Longworth House Office Building Washington DC 20515-3703,202-225-4811
Vern Buchanan,rep,Republican,2023-01-03,2025-01-03,FL,16,2110 Rayburn House Office Building Washington DC 20515-0916,202-225-5015
Larry Bucshon,rep,Republican,2023-01-03,2025-01-03,IN,8,2313 Rayburn House Office Building Washington DC 20515-1408,202-225-4636
Michael C. Burgess,rep,Republican,2023-01-03,2025-01-03,TX,26,2161 Rayburn House Office Building Washington DC 20515-4326,202-225-7772
Ken Calvert,rep,Republican,2023-01-03,2025-01-03,CA,41,2205 Rayburn House Office Building Washington DC 20515-0541,202-225-1986
André Carson,rep,Democrat,2023-01-03,2025-01-03,IN,7,2135 Rayburn House Office Building Washington DC 20515-1407,202-225-4011
John R. Carter,rep,Republican,2023-01-03,2025-01-03,TX,31,2208 Rayburn House Office Building Washington DC 20515-4331,202-225-3864
Kathy Castor,rep,Democrat,2023-01-03,2025-01-03,FL,14,2052 Rayburn House Office Building Washington DC 20515-0914,202-225-3376
Judy Chu,rep,Democrat,2023-01-03,2025-01-03,CA,28,2423 Rayburn House Office Building Washington DC 20515-0528,202-225-5464
Yvette D. Clarke,rep,Democrat,2023-01-03,2025-01-03,NY,9,2058 Rayburn House Office Building Washington DC 20515-3209,202-225-6231
Emanuel Cleaver,rep,Democrat,2023-01-03,2025-01-03,MO,5,2217 Rayburn House Office Building Washington DC 20515-2505,202-225-4535
James E. Clyburn,rep,Democrat,2023-01-03,2025-01-03,SC,6,274 Cannon House Office Building Washington DC 20515-4006,202-225-3315
Steve Cohen,rep,Democrat,2023-01-03,2025-01-03,TN,9,2268 Rayburn House Office Building Washington DC 20515-4209,202-225-3265
Tom Cole,rep,Republican,2023-01-03,2025-01-03,OK,4,2207 Rayburn House Office Building Washington DC 20515-3604,202-225-6165
Gerald E. Connolly,rep,Democrat,2023-01-03,2025-01-03,VA,11,2265 Rayburn House Office Building Washington DC 20515-4611,202-225-1492
Jim Costa,rep,Democrat,2023-01-03,2025-01-03,CA,21,2081 Rayburn House Office Building Washington DC 20515-0521,202-225-3341
Joe Courtney,rep,Democrat,2023-01-03,2025-01-03,CT,2,2449 Rayburn House Office Building Washington DC 20515-0702,202-225-2076
"Eric A. ""Rick"" Crawford",rep,Republican,2023-01-03,2025-01-03,AR,1,2422 Rayburn House Office Building Washington DC 20515-0401,202-225-4076
Henry Cuellar,rep,Democrat,2023-01-03,2025-01-03,TX,28,2372 Rayburn House Office Building Washington DC 20515-4328,202-225-1640
Danny K. Davis,rep,Democrat,2023-01-03,2025-01-03,IL,7,2159 Rayburn House Office Building Washington DC 20515-1307,202-225-5006
Diana DeGette,rep,Democrat,2023-01-03,2025-01-03,CO,1,2111 Rayburn House Office Building Washington DC 20515-0601,202-225-4431
Rosa L. DeLauro,rep,Democrat,2023-01-03,2025-01-03,CT,3,2413 Rayburn House Office Building Washington DC 20515-0703,202-225-3661
Scott DesJarlais,rep,Republican,2023-01-03,2025-01-03,TN,4,2304 Rayburn House Office Building Washington DC 20515-4204,202-225-6831
Mario Diaz-Balart,rep,Republican,2023-01-03,2025-01-03,FL,26,374 Cannon House Office Building Washington DC 20515-0926,202-225-4211
Lloyd Doggett,rep,Democrat,2023-01-03,2025-01-03,TX,37,2307 Rayburn House Office Building Washington DC 20515-0001,202-225-4865
Jeff Duncan,rep,Republican,2023-01-03,2025-01-03,SC,3,2229 Rayburn House Office Building Washington DC 20515-4003,202-225-5301
Anna G. Eshoo,rep,Democrat,2023-01-03,2025-01-03,CA,16,272 Cannon House Office Building Washington DC 20515-0516,202-225-8104
"Charles J. ""Chuck"" Fleischmann",rep,Republican,2023-01-03,2025-01-03,TN,3,2187 Rayburn House Office Building Washington DC 20515-4203,202-225-3271
Virginia Foxx,rep,Republican,2023-01-03,2025-01-03,NC,5,2462 Rayburn House Office Building Washington DC 20515-3305,202-225-2071
John Garamendi,rep,Democrat,2023-01-03,2025-01-03,CA,8,2004 Rayburn House Office Building Washington DC 20515-0508,202-225-1880
Paul A. Gosar,rep,Republican,2023-01-03,2025-01-03,AZ,9,2057 Rayburn House Office Building Washington DC 20515-0309,202-225-2315
Kay Granger,rep,Republican,2023-01-03,2025-01-03,TX,12,2308 Rayburn House Office Building Washington DC 20515-4312,202-225-5071
Sam Graves,rep,Republican,2023-01-03,2025-01-03,MO,6,1135 Longworth House Office Building Washington DC 20515-2506,202-225-7041
Al Green,rep,Democrat,2023-01-03,2025-01-03,TX,9,2347 Rayburn House Office Building Washington DC 20515-4309,202-225-7508
H. Morgan Griffith,rep,Republican,2023-01-03,2025-01-03,VA,9,2202 Rayburn House Office Building Washington DC 20515-4609,202-225-3861
Raúl M. Grijalva,rep,Democrat,2023-01-03,2025-01-03,AZ,7,1203 Longworth House Office Building Washington DC 20515-0307,202-225-2435
Brett Guthrie,rep,Republican,2023-01-03,2025-01-03,KY,2,2434 Rayburn House Office Building Washington DC 20515-1702,202-225-3501
Andy Harris,rep,Republican,2023-01-03,2025-01-03,MD,1,1536 Longworth House Office Building Washington DC 20515-2001,202-225-5311
James A. Himes,rep,Democrat,2023-01-03,2025-01-03,CT,4,2137 Rayburn House Office Building Washington DC 20515-0704,202-225-5541
Steny H. Hoyer,rep,Democrat,2023-01-03,2025-01-03,MD,5,1705 Longworth House Office Building Washington DC 20515-2005,202-225-4131
Bill Huizenga,rep,Republican,2023-01-03,2025-01-03,MI,4,2232 Rayburn House Office Building Washington DC 20515-2204,202-225-4401
"Henry C. ""Hank"" Johnson, Jr.",rep,Democrat,2023-01-03,2025-01-03,GA,4,2240 Rayburn House Office Building Washington DC 20515-1004,202-225-1605
Jim Jordan,rep,Republican,2023-01-03,2025-01-03,OH,4,2056 Rayburn House Office Building Washington DC 20515-3504,202-225-2676
Marcy Kaptur,rep,Democrat,2023-01-03,2025-01-03,OH,9,2186 Rayburn House Office Building Washington DC 20515-3509,202-225-4146
William R. Keating,rep,Democrat,2023-01-03,2025-01-03,MA,9,2351 Rayburn House Office Building Washington DC 20515-2109,202-225-3111
Mike Kelly,rep,Republican,2023-01-03,2025-01-03,PA,16,1707 Longworth House Office Building Washington DC 20515-3816,202-225-5406
Doug Lamborn,rep,Republican,2023-01-03,2025-01-03,CO,5,2371 Rayburn House Office Building Washington DC 20515-0605,202-225-4422
Rick Larsen,rep,Democrat,2023-01-03,2025-01-03,WA,2,2163 Rayburn House Office Building Washington DC 20515-4702,202-225-2605
John B. Larson,rep,Democrat,2023-01-03,2025-01-03,CT,1,1501 Longworth House Office Building Washington DC 20515-0701,202-225-2265
Robert E. Latta,rep,Republican,2023-01-03,2025-01-03,OH,5,2467 Rayburn House Office Building Washington DC 20515-3505,202-225-6405
Barbara Lee,rep,Democrat,2023-01-03,2025-01-03,CA,12,2470 Rayburn House Office Building Washington DC 20515-0512,202-225-2661
Zoe Lofgren,rep,Democrat,2023-01-03,2025-01-03,CA,18,1401 Longworth House Office Building Washington DC 20515-0518,202-225-3072
Frank D. Lucas,rep,Republican,2023-01-03,2025-01-03,OK,3,2405 Rayburn House Office Building Washington DC 20515-3603,202-225-5565
Blaine Luetkemeyer,rep,Republican,2023-01-03,2025-01-03,MO,3,2230 Rayburn House Office Building Washington DC 20515-2503,202-225-2956
Stephen F. Lynch,rep,Democrat,2023-01-03,2025-01-03,MA,8,2109 Rayburn House Office Building Washington DC 20515-2108,202-225-8273
Doris O. Matsui,rep,Democrat,2023-01-03,2025-01-03,CA,7,2311 Rayburn House Office Building Washington DC 20515-0507,202-225-7163
Michael T. McCaul,rep,Republican,2023-01-03,2025-01-03,TX,10,2300 Rayburn House Office Building Washington DC 20515-4310,202-225-2401
Tom McClintock,rep,Republican,2023-01-03,2025-01-03,CA,5,2256 Rayburn House Office Building Washington DC 20515-0505,202-225-2511
Betty McCollum,rep,Democrat,2023-01-03,2025-01-03,MN,4,2426 Rayburn House Office Building Washington DC 20515-2304,202-225-6631
James P. McGovern,rep,Democrat,2023-01-03,2025-01-03,MA,2,370 Cannon House Office Building Washington DC 20515-2102,202-225-6101
Patrick T. McHenry,rep,Republican,2023-01-03,2025-01-03,NC,10,2134 Rayburn House Office Building Washington DC 20515-3310,202-225-2576
Cathy McMorris Rodgers,rep,Republican,2023-01-03,2025-01-03,WA,5,2188 Rayburn House Office Building Washington DC 20515-4705,202-225-2006
Gregory W. Meeks,rep,Democrat,2023-01-03,2025-01-03,NY,5,2310 Rayburn House Office Building Washington DC 20515-3205,202-225-3461
Gwen Moore,rep,Democrat,2023-01-03,2025-01-03,WI,4,2252 Rayburn House Office Building Washington DC 20515-4904,202-225-4572
Jerrold Nadler,rep,Democrat,2023-01-03,2025-01-03,NY,12,2132 Rayburn House Office Building Washington DC 20515-3212,202-225-5635
Grace F. Napolitano,rep,Democrat,2023-01-03,2025-01-03,CA,31,1610 Longworth House Office Building Washington DC 20515-0531,202-225-5256
Richard E. Neal,rep,Democrat,2023-01-03,2025-01-03,MA,1,372 Cannon House Office Building Washington DC 20515-2101,202-225-5601
"Frank Pallone, Jr.",rep,Democrat,2023-01-03,2025-01-03,NJ,6,2107 Rayburn House Office Building Washington DC 20515-3006,202-225-4671
Nancy Pelosi,rep,Democrat,2023-01-03,2025-01-03,CA,11,1236 Longworth House Office Building Washington DC 20515-0511,202-225-4965
Chellie Pingree,rep,Democrat,2023-01-03,2025-01-03,ME,1,2354 Rayburn House Office Building Washington DC 20515-1901,202-225-6116
Bill Posey,rep,Republican,2023-01-03,2025-01-03,FL,8,2150 Rayburn House Office Building Washington DC 20515-0908,202-225-3671
Mike Quigley,rep,Democrat,2023-01-03,2025-01-03,IL,5,2083 Rayburn House Office Building Washington DC 20515-1305,202-225-4061
Harold Rogers,rep,Republican,2023-01-03,2025-01-03,KY,5,2406 Rayburn House Office Building Washington DC 20515-1705,202-225-4601
Mike Rogers,rep,Republican,2023-01-03,2025-01-03,AL,3,2469 Rayburn House Office Building Washington DC 20515-0103,202-225-3261
C. A. Dutch Ruppersberger,rep,Democrat,2023-01-03,2025-01-03,MD,2,2206 Rayburn House Office Building Washington DC 20515-2002,202-225-3061
John P. Sarbanes,rep,Democrat,2023-01-03,2025-01-03,MD,3,2370 Rayburn House Office Building Washington DC 20515-2003,202-225-4016
Steve Scalise,rep,Republican,2023-01-03,2025-01-03,LA,1,2049 Rayburn House Office Building Washington DC 20515-1801,202-225-3015
Janice D. Schakowsky,rep,Democrat,2023-01-03,2025-01-03,IL,9,2408 Rayburn House Office Building Washington DC 20515-1309,202-225-2111
Adam B. Schiff,rep,Democrat,2023-01-03,2025-01-03,CA,30,2309 Rayburn House Office Building Washington DC 20515-0530,202-225-4176
David Schweikert,rep,Republican,2023-01-03,2025-01-03,AZ,1,460 Cannon House Office Building Washington DC 20515-0301,202-225-2190
Austin Scott,rep,Republican,2023-01-03,2025-01-03,GA,8,2185 Rayburn House Office Building Washington DC 20515-1008,202-225-6531
David Scott,rep,Democrat,2023-01-03,2025-01-03,GA,13,468 Cannon House Office Building Washington DC 20515-1013,202-225-2939
"Robert C. ""Bobby"" Scott",rep,Democrat,2023-01-03,2025-01-03,VA,3,2328 Rayburn House Office Building Washington DC 20515-4603,202-225-8351
Terri A. Sewell,rep,Democrat,2023-01-03,2025-01-03,AL,7,1035 Longworth House Office Building Washington DC 20515-0107,202-225-2665
Brad Sherman,rep,Democrat,2023-01-03,2025-01-03,CA,32,2365 Rayburn House Office Building Washington DC 20515-0532,202-225-5911
Michael K. Simpson,rep,Republican,2023-01-03,2025-01-03,ID,2,2084 Rayburn House Office Building Washington DC 20515-1202,202-225-5531
Adam Smith,rep,Democrat,2023-01-03,2025-01-03,WA,9,2264 Rayburn House Office Building Washington DC 20515-4709,202-225-8901
Adrian Smith,rep,Republican,2023-01-03,2025-01-03,NE,3,502 Cannon House Office Building Washington DC 20515-2703,202-225-6435
Christopher H. Smith,rep,Republican,2023-01-03,2025-01-03,NJ,4,2373 Rayburn House Office Building Washington DC 20515-3004,202-225-3765
Linda T. Sánchez,rep,Democrat,2023-01-03,2025-01-03,CA,38,2428 Rayburn House Office Building Washington DC 20515-0538,202-225-6676
Bennie G. Thompson,rep,Democrat,2023-01-03,2025-01-03,MS,2,2466 Rayburn House Office Building Washington DC 20515-2402,202-225-5876
Mike Thompson,rep,Democrat,2023-01-03,2025-01-03,CA,4,268 Cannon House Office Building Washington DC 20515-0504,202-225-3311
Glenn Thompson,rep,Republican,2023-01-03,2025-01-03,PA,15,400 Cannon House Office Building Washington DC 20515-3815,202-225-5121
Paul Tonko,rep,Democrat,2023-01-03,2025-01-03,NY,20,2369 Rayburn House Office Building Washington DC 20515-3220,202-225-5076
Michael R. Turner,rep,Republican,2023-01-03,2025-01-03,OH,10,2183 Rayburn House Office Building Washington DC 20515-3510,202-225-6465
Nydia M. Velázquez,rep,Democrat,2023-01-03,2025-01-03,NY,7,2302 Rayburn House Office Building Washington DC 20515-3207,202-225-2361
Tim Walberg,rep,Republican,2023-01-03,2025-01-03,MI,5,2266 Rayburn House Office Building Washington DC 20515-2205,202-225-6276
Debbie Wasserman Schultz,rep,Democrat,2023-01-03,2025-01-03,FL,25,270 Cannon House Office Building Washington DC 20515-0925,202-225-7931
Maxine Waters,rep,Democrat,2023-01-03,2025-01-03,CA,43,2221 Rayburn House Office Building Washington DC 20515-0543,202-225-2201
Daniel Webster,rep,Republican,2023-01-03,2025-01-03,FL,11,2184 Rayburn House Office Building Washington DC 20515-0911,202-225-1002
Joe Wilson,rep,Republican,2023-01-03,2025-01-03,SC,2,1436 Longworth House Office Building Washington DC 20515-4002,202-225-2452
Frederica S. Wilson,rep,Democrat,2023-01-03,2025-01-03,FL,24,2080 Rayburn House Office Building Washington DC 20515-0924,202-225-4506
Robert J. Wittman,rep,Republican,2023-01-03,2025-01-03,VA,1,2055 Rayburn House Office Building Washington DC 20515-4601,202-225-4261
Steve Womack,rep,Republican,2023-01-03,2025-01-03,AR,3,2412 Rayburn House Office Building Washington DC 20515-0403,202-225-4301
Mark E. Amodei,rep,Republican,2023-01-03,2025-01-03,NV,2,104 Cannon House Office Building Washington DC 20515-2802,202-225-6155
Suzanne Bonamici,rep,Democrat,2023-01-03,2025-01-03,OR,1,2231 Rayburn House Office Building Washington DC 20515-3701,202-225-0855
Suzan K. DelBene,rep,Democrat,2023-01-03,2025-01-03,WA,1,2330 Rayburn House Office Building Washington DC 20515-4701,202-225-6311
Thomas Massie,rep,Republican,2023-01-03,2025-01-03,KY,4,2453 Rayburn House Office Building Washington DC 20515-1704,202-225-3465
Bill Foster,rep,Democrat,2023-01-03,2025-01-03,IL,11,2366 Rayburn House Office Building Washington DC 20515-1311,202-225-3515
Dina Titus,rep,Democrat,2023-01-03,2025-01-03,NV,1,2464 Rayburn House Office Building Washington DC 20515-2801,202-225-5965
Doug LaMalfa,rep,Republican,2023-01-03,2025-01-03,CA,1,408 Cannon House Office Building Washington DC 20515-0501,202-225-3076
Jared Huffman,rep,Democrat,2023-01-03,2025-01-03,CA,2,2445 Rayburn House Office Building Washington DC 20515-0502,202-225-5161
Ami Bera,rep,Democrat,2023-01-03,2025-01-03,CA,6,172 Cannon House Office Building Washington DC 20515-0506,202-225-5716
Eric Swalwell,rep,Democrat,2023-01-03,2025-01-03,CA,14,174 Cannon House Office Building Washington DC 20515-0514,202-225-5065
Julia Brownley,rep,Democrat,2023-01-03,2025-01-03,CA,26,2262 Rayburn House Office Building Washington DC 20515-0526,202-225-5811
Tony Cárdenas,rep,Democrat,2023-01-03,2025-01-03,CA,29,2181 Rayburn House Office Building Washington DC 20515-0529,202-225-6131
Raul Ruiz,rep,Democrat,2023-01-03,2025-01-03,CA,25,2342 Rayburn House Office Building Washington DC 20515-0525,202-225-5330
Mark Takano,rep,Democrat,2023-01-03,2025-01-03,CA,39,2078 Rayburn House Office Building Washington DC 20515-0539,202-225-2305
Juan Vargas,rep,Democrat,2023-01-03,2025-01-03,CA,52,2334 Rayburn House Office Building Washington DC 20515-0552,202-225-8045
Scott H. Peters,rep,Democrat,2023-01-03,2025-01-03,CA,50,1201 Longworth House Office Building Washington DC 20515-0550,202-225-0508
Lois Frankel,rep,Democrat,2023-01-03,2025-01-03,FL,22,2305 Rayburn House Office Building Washington DC 20515-0922,202-225-9890
Andy Barr,rep,Republican,2023-01-03,2025-01-03,KY,6,2430 Rayburn House Office Building Washington DC 20515-1706,202-225-4706
Daniel T. Kildee,rep,Democrat,2023-01-03,2025-01-03,MI,8,200 Cannon House Office Building Washington DC 20515-2208,202-225-3611
Ann Wagner,rep,Republican,2023-01-03,2025-01-03,MO,2,2350 Rayburn House Office Building Washington DC 20515-2502,202-225-1621
Richard Hudson,rep,Republican,2023-01-03,2025-01-03,NC,9,2112 Rayburn House Office Building Washington DC 20515-3309,202-225-3715
Ann M. Kuster,rep,Democrat,2023-01-03,2025-01-03,NH,2,2201 Rayburn House Office Building Washington DC 20515-2902,202-225-5206
Grace Meng,rep,Democrat,2023-01-03,2025-01-03,NY,6,2209 Rayburn House Office Building Washington DC 20515-3206,202-225-2601
Hakeem S. Jeffries,rep,Democrat,2023-01-03,2025-01-03,NY,8,2433 Rayburn House Office Building Washington DC 20515-3208,202-225-5936
Brad R. Wenstrup,rep,Republican,2023-01-03,2025-01-03,OH,2,2335 Rayburn House Office Building Washington DC 20515-3502,202-225-3164
Joyce Beatty,rep,Democrat,2023-01-03,2025-01-03,OH,3,2079 Rayburn House Office Building Washington DC 20515-3503,202-225-4324
David P. Joyce,rep,Republican,2023-01-03,2025-01-03,OH,14,2065 Rayburn House Office Building Washington DC 20515-3514,202-225-5731
Scott Perry,rep,Republican,2023-01-03,2025-01-03,PA,10,2160 Rayburn House Office Building Washington DC 20515-3810,202-225-5836
Matt Cartwright,rep,Democrat,2023-01-03,2025-01-03,PA,8,2102 Rayburn House Office Building Washington DC 20515-3808,202-225-5546
"Randy K. Weber, Sr.",rep,Republican,2023-01-03,2025-01-03,TX,14,107 Cannon House Office Building Washington DC 20515-4314,202-225-2831
Joaquin Castro,rep,Democrat,2023-01-03,2025-01-03,TX,20,2241 Rayburn House Office Building Washington DC 20515-4320,202-225-3236
Roger Williams,rep,Republican,2023-01-03,2025-01-03,TX,25,2336 Rayburn House Office Building Washington DC 20515-4325,202-225-9896
Marc A. Veasey,rep,Democrat,2023-01-03,2025-01-03,TX,33,2348 Rayburn House Office Building Washington DC 20515-4333,202-225-9897
Derek Kilmer,rep,Democrat,2023-01-03,2025-01-03,WA,6,1226 Longworth House Office Building Washington DC 20515-4706,202-225-5916
Mark Pocan,rep,Democrat,2023-01-03,2025-01-03,WI,2,1026 Longworth House Office Building Washington DC 20515-4902,202-225-2906
Robin L. Kelly,rep,Democrat,2023-01-03,2025-01-03,IL,2,2329 Rayburn House Office Building Washington DC 20515-1302,202-225-0773
Jason Smith,rep,Republican,2023-01-03,2025-01-03,MO,8,1011 Longworth House Office Building Washington DC 20515-2508,202-225-4404
Katherine M. Clark,rep,Democrat,2023-01-03,2025-01-03,MA,5,2368 Rayburn House Office Building Washington DC 20515-2105,202-225-2836
Donald Norcross,rep,Democrat,2023-01-03,2025-01-03,NJ,1,2427 Rayburn House Office Building Washington DC 20515-3001,202-225-6501
Alma S. Adams,rep,Democrat,2023-01-03,2025-01-03,NC,12,2436 Rayburn House Office Building Washington DC 20515-3312,202-225-1510
Gary J. Palmer,rep,Republican,2023-01-03,2025-01-03,AL,6,170 Cannon House Office Building Washington DC 20515-0106,202-225-4921
J. French Hill,rep,Republican,2023-01-03,2025-01-03,AR,2,1533 Longworth House Office Building Washington DC 20515-0402,202-225-2506
Bruce Westerman,rep,Republican,2023-01-03,2025-01-03,AR,4,202 Cannon House Office Building Washington DC 20515-0404,202-225-3772
Ruben Gallego,rep,Democrat,2023-01-03,2025-01-03,AZ,3,1114 Longworth House Office Building Washington DC 20515-0303,202-225-4065
Mark DeSaulnier,rep,Democrat,2023-01-03,2025-01-03,CA,10,503 Cannon House Office Building Washington DC 20515-0510,202-225-2095
Pete Aguilar,rep,Democrat,2023-01-03,2025-01-03,CA,33,108 Cannon House Office Building Washington DC 20515-0533,202-225-3201
Ted Lieu,rep,Democrat,2023-01-03,2025-01-03,CA,36,2454 Rayburn House Office Building Washington DC 20515-0536,202-225-3976
Norma J. Torres,rep,Democrat,2023-01-03,2025-01-03,CA,35,2227 Rayburn House Office Building Washington DC 20515-0535,202-225-6161
"Earl L. ""Buddy"" Carter",rep,Republican,2023-01-03,2025-01-03,GA,1,2432 Rayburn House Office Building Washington DC 20515-1001,202-225-5831
Barry Loudermilk,rep,Republican,2023-01-03,2025-01-03,GA,11,2133 Rayburn House Office Building Washington DC 20515-1011,202-225-2931
Rick W. Allen,rep,Republican,2023-01-03,2025-01-03,GA,12,462 Cannon House Office Building Washington DC 20515-1012,202-225-2823
Mike Bost,rep,Republican,2023-01-03,2025-01-03,IL,12,352 Cannon House Office Building Washington DC 20515-1312,202-225-5661
Garret Graves,rep,Republican,2023-01-03,2025-01-03,LA,6,2402 Rayburn House Office Building Washington DC 20515-1806,202-225-3901
Seth Moulton,rep,Democrat,2023-01-03,2025-01-03,MA,6,1126 Longworth House Office Building Washington DC 20515-2106,202-225-8020
John R. Moolenaar,rep,Republican,2023-01-03,2025-01-03,MI,2,246 Cannon House Office Building Washington DC 20515-2202,202-225-3561
Debbie Dingell,rep,Democrat,2023-01-03,2025-01-03,MI,6,102 Cannon House Office Building Washington DC 20515-2206,202-225-4071
Tom Emmer,rep,Republican,2023-01-03,2025-01-03,MN,6,464 Cannon House Office Building Washington DC 20515-2306,202-225-2331
David Rouzer,rep,Republican,2023-01-03,2025-01-03,NC,7,2333 Rayburn House Office Building Washington DC 20515-3307,202-225-2731
Bonnie Watson Coleman,rep,Democrat,2023-01-03,2025-01-03,NJ,12,168 Cannon House Office Building Washington DC 20515-3012,202-225-5801
Elise M. Stefanik,rep,Republican,2023-01-03,2025-01-03,NY,21,2211 Rayburn House Office Building Washington DC 20515-3221,202-225-4611
Brendan F. Boyle,rep,Democrat,2023-01-03,2025-01-03,PA,2,1502 Longworth House Office Building Washington DC 20515-3802,202-225-6111
Brian Babin,rep,Republican,2023-01-03,2025-01-03,TX,36,2236 Rayburn House Office Building Washington DC 20515-4336,202-225-1555
"Donald S. Beyer, Jr.",rep,Democrat,2023-01-03,2025-01-03,VA,8,1119 Longworth House Office Building Washington DC 20515-4608,202-225-4376
Dan Newhouse,rep,Republican,2023-01-03,2025-01-03,WA,4,504 Cannon House Office Building Washington DC 20515-4704,202-225-5816
Glenn Grothman,rep,Republican,2023-01-03,2025-01-03,WI,6,1511 Longworth House Office Building Washington DC 20515-4906,202-225-2476
Alexander X. Mooney,rep,Republican,2023-01-03,2025-01-03,WV,2,2228 Rayburn House Office Building Washington DC 20515-4802,202-225-2711
Trent Kelly,rep,Republican,2023-01-03,2025-01-03,MS,1,2243 Rayburn House Office Building Washington DC 20515-2401,202-225-4306
Darin LaHood,rep,Republican,2023-01-03,2025-01-03,IL,16,1424 Longworth House Office Building Washington DC 20515-1316,202-225-6201
Warren Davidson,rep,Republican,2023-01-03,2025-01-03,OH,8,2113 Rayburn House Office Building Washington DC 20515-3508,202-225-6205
James Comer,rep,Republican,2023-01-03,2025-01-03,KY,1,2410 Rayburn House Office Building Washington DC 20515-1701,202-225-3115
Dwight Evans,rep,Democrat,2023-01-03,2025-01-03,PA,3,1105 Longworth House Office Building Washington DC 20515-3803,202-225-4001
Bradley Scott Schneider,rep,Democrat,2023-01-03,2025-01-03,IL,10,300 Cannon House Office Building Washington DC 20515-1310,202-225-4835
Andy Biggs,rep,Republican,2023-01-03,2025-01-03,AZ,5,252 Cannon House Office Building Washington DC 20515-0305,202-225-2635
Ro Khanna,rep,Democrat,2023-01-03,2025-01-03,CA,17,306 Cannon House Office Building Washington DC 20515-0517,202-225-2631
Jimmy Panetta,rep,Democrat,2023-01-03,2025-01-03,CA,19,304 Cannon House Office Building Washington DC 20515-0519,202-225-2861
Salud O. Carbajal,rep,Democrat,2023-01-03,2025-01-03,CA,24,2331 Rayburn House Office Building Washington DC 20515-0524,202-225-3601
Nanette Diaz Barragán,rep,Democrat,2023-01-03,2025-01-03,CA,44,2312 Rayburn House Office Building Washington DC 20515-0544,202-225-8220
J. Luis Correa,rep,Democrat,2023-01-03,2025-01-03,CA,46,2301 Rayburn House Office Building Washington DC 20515-0546,202-225-2965
Lisa Blunt Rochester,rep,Democrat,2023-01-03,2025-01-03,DE,0,1724 Longworth House Office Building Washington DC 20515-0800,202-225-4165
Matt Gaetz,rep,Republican,2023-01-03,2025-01-03,FL,1,2021 Rayburn House Office Building Washington DC 20515-0901,202-225-4136
Neal P. Dunn,rep,Republican,2023-01-03,2025-01-03,FL,2,466 Cannon House Office Building Washington DC 20515-0902,202-225-5235
John H. Rutherford,rep,Republican,2023-01-03,2025-01-03,FL,5,1711 Longworth House Office Building Washington DC 20515-0905,202-225-2501
Darren Soto,rep,Democrat,2023-01-03,2025-01-03,FL,9,2353 Rayburn House Office Building Washington DC 20515-0909,202-225-9889
Brian J. Mast,rep,Republican,2023-01-03,2025-01-03,FL,21,2182 Rayburn House Office Building Washington DC 20515-0921,202-225-3026
A. Drew Ferguson IV,rep,Republican,2023-01-03,2025-01-03,GA,3,2239 Rayburn House Office Building Washington DC 20515-1003,202-225-5901
Raja Krishnamoorthi,rep,Democrat,2023-01-03,2025-01-03,IL,8,2367 Rayburn House Office Building Washington DC 20515-1308,202-225-3711
Jim Banks,rep,Republican,2023-01-03,2025-01-03,IN,3,2418 Rayburn House Office Building Washington DC 20515-1403,202-225-4436
Clay Higgins,rep,Republican,2023-01-03,2025-01-03,LA,3,572 Cannon House Office Building Washington DC 20515-1803,202-225-2031
Mike Johnson,rep,Republican,2023-01-03,2025-01-03,LA,4,568 Cannon House Office Building Washington DC 20515-1804,202-225-2777
Jamie Raskin,rep,Democrat,2023-01-03,2025-01-03,MD,8,2242 Rayburn House Office Building Washington DC 20515-2008,202-225-5341
Jack Bergman,rep,Republican,2023-01-03,2025-01-03,MI,1,566 Cannon House Office Building Washington DC 20515-2201,202-225-4735
Don Bacon,rep,Republican,2023-01-03,2025-01-03,NE,2,2104 Rayburn House Office Building Washington DC 20515-2702,202-225-4155
Josh Gottheimer,rep,Democrat,2023-01-03,2025-01-03,NJ,5,203 Cannon House Office Building Washington DC 20515-3005,202-225-4465
Adriano Espaillat,rep,Democrat,2023-01-03,2025-01-03,NY,13,2332 Rayburn House Office Building Washington DC 20515-3213,202-225-4365
Brian K. Fitzpatrick,rep,Republican,2023-01-03,2025-01-03,PA,1,271 Cannon House Office Building Washington DC 20515-3801,202-225-4276
Lloyd Smucker,rep,Republican,2023-01-03,2025-01-03,PA,11,302 Cannon House Office Building Washington DC 20515-3811,202-225-2411
David Kustoff,rep,Republican,2023-01-03,2025-01-03,TN,8,560 Cannon House Office Building Washington DC 20515-4208,202-225-4714
Vicente Gonzalez,rep,Democrat,2023-01-03,2025-01-03,TX,34,154 Cannon House Office Building Washington DC 20515-4334,202-225-2531
Jodey C. Arrington,rep,Republican,2023-01-03,2025-01-03,TX,19,1107 Longworth House Office Building Washington DC 20515-4319,202-225-4005
Pramila Jayapal,rep,Democrat,2023-01-03,2025-01-03,WA,7,2346 Rayburn House Office Building Washington DC 20515-4707,202-225-3106
Ron Estes,rep,Republican,2023-01-03,2025-01-03,KS,4,2234 Rayburn House Office Building Washington DC 20515-1604,202-225-6216
Ralph Norman,rep,Republican,2023-01-03,2025-01-03,SC,5,569 Cannon House Office Building Washington DC 20515-4005,202-225-5501
Jimmy Gomez,rep,Democrat,2023-01-03,2025-01-03,CA,34,506 Cannon House Office Building Washington DC 20515-0534,202-225-6235
John R. Curtis,rep,Republican,2023-01-03,2025-01-03,UT,3,2323 Rayburn House Office Building Washington DC 20515-4403,202-225-7751
Debbie Lesko,rep,Republican,2023-01-03,2025-01-03,AZ,8,1214 Longworth House Office Building Washington DC 20515-0308,202-225-4576
Michael Cloud,rep,Republican,2023-01-03,2025-01-03,TX,27,171 Cannon House Office Building Washington DC 20515-4327,202-225-7742
Troy Balderson,rep,Republican,2023-01-03,2025-01-03,OH,12,2429 Rayburn House Office Building Washington DC 20515-3512,202-225-5355
Kevin Hern,rep,Republican,2023-01-03,2025-01-03,OK,1,1019 Longworth House Office Building Washington DC 20515-3601,202-225-2211
Joseph D. Morelle,rep,Democrat,2023-01-03,2025-01-03,NY,25,570 Cannon House Office Building Washington DC 20515-3225,202-225-3615
Mary Gay Scanlon,rep,Democrat,2023-01-03,2025-01-03,PA,5,1227 Longworth House Office Building Washington DC 20515-3805,202-225-2011
Susan Wild,rep,Democrat,2023-01-03,2025-01-03,PA,7,1027 Longworth House Office Building Washington DC 20515-3807,202-225-6411
Ed Case,rep,Democrat,2023-01-03,2025-01-03,HI,1,2210 Rayburn House Office Building Washington DC 20515-1101,202-225-2726
Steven Horsford,rep,Democrat,2023-01-03,2025-01-03,NV,4,406 Cannon House Office Building Washington DC 20515-2804,202-225-9894
Greg Stanton,rep,Democrat,2023-01-03,2025-01-03,AZ,4,207 Cannon House Office Building Washington DC 20515-0304,202-225-9888
Josh Harder,rep,Democrat,2023-01-03,2025-01-03,CA,9,209 Cannon House Office Building Washington DC 20515-0509,202-225-4540
Katie Porter,rep,Democrat,2023-01-03,2025-01-03,CA,47,1233 Longworth House Office Building Washington DC 20515-0547,202-225-5611
Mike Levin,rep,Democrat,2023-01-03,2025-01-03,CA,49,2352 Rayburn House Office Building Washington DC 20515-0549,202-225-3906
Joe Neguse,rep,Democrat,2023-01-03,2025-01-03,CO,2,2400 Rayburn House Office Building Washington DC 20515-0602,202-225-2161
Jason Crow,rep,Democrat,2023-01-03,2025-01-03,CO,6,1323 Longworth House Office Building Washington DC 20515-0606,202-225-7882
Jahana Hayes,rep,Democrat,2023-01-03,2025-01-03,CT,5,2458 Rayburn House Office Building Washington DC 20515-0705,202-225-4476
Michael Waltz,rep,Republican,2023-01-03,2025-01-03,FL,6,244 Cannon House Office Building Washington DC 20515-0906,202-225-2706
W. Gregory Steube,rep,Republican,2023-01-03,2025-01-03,FL,17,2457 Rayburn House Office Building Washington DC 20515-0917,202-225-5792
Lucy McBath,rep,Democrat,2023-01-03,2025-01-03,GA,7,2246 Rayburn House Office Building Washington DC 20515-1007,202-225-4501
Russ Fulcher,rep,Republican,2023-01-03,2025-01-03,ID,1,1514 Longworth House Office Building Washington DC 20515-1201,202-225-6611
"Jesús G. ""Chuy"" García",rep,Democrat,2023-01-03,2025-01-03,IL,4,1519 Longworth House Office Building Washington DC 20515-1304,202-225-8203
Sean Casten,rep,Democrat,2023-01-03,2025-01-03,IL,6,2440 Rayburn House Office Building Washington DC 20515-1306,202-225-4561
Lauren Underwood,rep,Democrat,2023-01-03,2025-01-03,IL,14,1410 Longworth House Office Building Washington DC 20515-1314,202-225-2976
James R. Baird,rep,Republican,2023-01-03,2025-01-03,IN,4,2303 Rayburn House Office Building Washington DC 20515-1404,202-225-5037
Greg Pence,rep,Republican,2023-01-03,2025-01-03,IN,6,404 Cannon House Office Building Washington DC 20515-1406,202-225-3021
Sharice Davids,rep,Democrat,2023-01-03,2025-01-03,KS,3,2435 Rayburn House Office Building Washington DC 20515-1603,202-225-2865
Lori Trahan,rep,Democrat,2023-01-03,2025-01-03,MA,3,2439 Rayburn House Office Building Washington DC 20515-2103,202-225-3411
Ayanna Pressley,rep,Democrat,2023-01-03,2025-01-03,MA,7,402 Cannon House Office Building Washington DC 20515-2107,202-225-5111
David J. Trone,rep,Democrat,2023-01-03,2025-01-03,MD,6,2404 Rayburn House Office Building Washington DC 20515-2006,202-225-2721
Elissa Slotkin,rep,Democrat,2023-01-03,2025-01-03,MI,7,2245 Rayburn House Office Building Washington DC 20515-2207,202-225-4872
Haley M. Stevens,rep,Democrat,2023-01-03,2025-01-03,MI,11,2411 Rayburn House Office Building Washington DC 20515-2211,202-225-8171
Rashida Tlaib,rep,Democrat,2023-01-03,2025-01-03,MI,12,2438 Rayburn House Office Building Washington DC 20515-2212,202-225-5126
Angie Craig,rep,Democrat,2023-01-03,2025-01-03,MN,2,2442 Rayburn House Office Building Washington DC 20515-2302,202-225-2271
Dean Phillips,rep,Democrat,2023-01-03,2025-01-03,MN,3,2452 Rayburn House Office Building Washington DC 20515-2303,202-225-2871
Ilhan Omar,rep,Democrat,2023-01-03,2025-01-03,MN,5,1730 Longworth House Office Building Washington DC 20515-2305,202-225-4755
Pete Stauber,rep,Republican,2023-01-03,2025-01-03,MN,8,145 Cannon House Office Building Washington DC 20515-2308,202-225-6211
Michael Guest,rep,Republican,2023-01-03,2025-01-03,MS,3,450 Cannon House Office Building Washington DC 20515-2403,202-225-5031
Kelly Armstrong,rep,Republican,2023-01-03,2025-01-03,ND,0,2235 Rayburn House Office Building Washington DC 20515-3400,202-225-2611
Chris Pappas,rep,Democrat,2023-01-03,2025-01-03,NH,1,452 Cannon House Office Building Washington DC 20515-2901,202-225-5456
Jefferson Van Drew,rep,Republican,2023-01-03,2025-01-03,NJ,2,2447 Rayburn House Office Building Washington DC 20515-3002,202-225-6572
Andy Kim,rep,Democrat,2023-01-03,2025-01-03,NJ,3,2444 Rayburn House Office Building Washington DC 20515-3003,202-225-4765
Mikie Sherrill,rep,Democrat,2023-01-03,2025-01-03,NJ,11,1427 Longworth House Office Building Washington DC 20515-3011,202-225-5034
Susie Lee,rep,Democrat,2023-01-03,2025-01-03,NV,3,365 Cannon House Office Building Washington DC 20515-2803,202-225-3252
Alexandria Ocasio-Cortez,rep,Democrat,2023-01-03,2025-01-03,NY,14,250 Cannon House Office Building Washington DC 20515-3214,202-225-3965
Madeleine Dean,rep,Democrat,2023-01-03,2025-01-03,PA,4,150 Cannon House Office Building Washington DC 20515-3804,202-225-4731
Chrissy Houlahan,rep,Democrat,2023-01-03,2025-01-03,PA,6,1727 Longworth House Office Building Washington DC 20515-3806,202-225-4315
Daniel Meuser,rep,Republican,2023-01-03,2025-01-03,PA,9,350 Cannon House Office Building Washington DC 20515-3809,202-225-6511
John Joyce,rep,Republican,2023-01-03,2025-01-03,PA,13,152 Cannon House Office Building Washington DC 20515-3813,202-225-2431
Guy Reschenthaler,rep,Republican,2023-01-03,2025-01-03,PA,14,342 Cannon House Office Building Washington DC 20515-3814,202-225-2065
William R. Timmons IV,rep,Republican,2023-01-03,2025-01-03,SC,4,267 Cannon House Office Building Washington DC 20515-4004,202-225-6030
Dusty Johnson,rep,Republican,2023-01-03,2025-01-03,SD,0,1714 Longworth House Office Building Washington DC 20515-4100,202-225-2801
Tim Burchett,rep,Republican,2023-01-03,2025-01-03,TN,2,1122 Longworth House Office Building Washington DC 20515-4202,202-225-5435
John W. Rose,rep,Republican,2023-01-03,2025-01-03,TN,6,2238 Rayburn House Office Building Washington DC 20515-4206,202-225-4231
Mark E. Green,rep,Republican,2023-01-03,2025-01-03,TN,7,2446 Rayburn House Office Building Washington DC 20515-4207,202-225-2811
Dan Crenshaw,rep,Republican,2023-01-03,2025-01-03,TX,2,248 Cannon House Office Building Washington DC 20515-4302,202-225-6565
Lance Gooden,rep,Republican,2023-01-03,2025-01-03,TX,5,2431 Rayburn House Office Building Washington DC 20515-4305,202-225-3484
Lizzie Fletcher,rep,Democrat,2023-01-03,2025-01-03,TX,7,346 Cannon House Office Building Washington DC 20515-4307,202-225-2571
Veronica Escobar,rep,Democrat,2023-01-03,2025-01-03,TX,16,2448 Rayburn House Office Building Washington DC 20515-4316,202-225-4831
Chip Roy,rep,Republican,2023-01-03,2025-01-03,TX,21,103 Cannon House Office Building Washington DC 20515-4321,202-225-4236
Sylvia R. Garcia,rep,Democrat,2023-01-03,2025-01-03,TX,29,2419 Rayburn House Office Building Washington DC 20515-4329,202-225-1688
Colin Z. Allred,rep,Democrat,2023-01-03,2025-01-03,TX,32,348 Cannon House Office Building Washington DC 20515-4332,202-225-2231
Ben Cline,rep,Republican,2023-01-03,2025-01-03,VA,6,2443 Rayburn House Office Building Washington DC 20515-4606,202-225-5431
Abigail Davis Spanberger,rep,Democrat,2023-01-03,2025-01-03,VA,7,562 Cannon House Office Building Washington DC 20515-4607,202-225-2815
Jennifer Wexton,rep,Democrat,2023-01-03,2025-01-03,VA,10,1210 Longworth House Office Building Washington DC 20515-4610,202-225-5136
Kim Schrier,rep,Democrat,2023-01-03,2025-01-03,WA,8,1110 Longworth House Office Building Washington DC 20515-4708,202-225-7761
Bryan Steil,rep,Republican,2023-01-03,2025-01-03,WI,1,1526 Longworth House Office Building Washington DC 20515-4901,202-225-3031
Carol D. Miller,rep,Republican,2023-01-03,2025-01-03,WV,1,465 Cannon House Office Building Washington DC 20515-4801,202-225-3452
Jared F. Golden,rep,Democrat,2023-01-03,2025-01-03,ME,2,1710 Longworth House Office Building Washington DC 20515-1902,202-225-6306
Dan Bishop,rep,Republican,2023-01-03,2025-01-03,NC,8,2459 Rayburn House Office Building Washington DC 20515-3308,202-225-1976
Gregory F. Murphy,rep,Republican,2023-01-03,2025-01-03,NC,3,407 Cannon House Office Building Washington DC 20515-3303,202-225-3415
Kweisi Mfume,rep,Democrat,2023-01-03,2025-01-03,MD,7,2263 Rayburn House Office Building Washington DC 20515-2007,202-225-4741
Thomas P. Tiffany,rep,Republican,2023-01-03,2025-01-03,WI,7,451 Cannon House Office Building Washington DC 20515-4907,202-225-3365
Mike Garcia,rep,Republican,2023-01-03,2025-01-03,CA,27,144 Cannon House Office Building Washington DC 20515-0527,202-225-1956
Darrell Issa,rep,Republican,2023-01-03,2025-01-03,CA,48,2108 Rayburn House Office Building Washington DC 20515-0548,202-225-5672
Pete Sessions,rep,Republican,2023-01-03,2025-01-03,TX,17,2204 Rayburn House Office Building Washington DC 20515-4317,202-225-6105
David G. Valadao,rep,Republican,2023-01-03,2025-01-03,CA,22,2465 Rayburn House Office Building Washington DC 20515-0522,202-225-4695
Jerry L. Carl,rep,Republican,2023-01-03,2025-01-03,AL,1,1330 Longworth House Office Building Washington DC 20515-0101,202-225-4931
Barry Moore,rep,Republican,2023-01-03,2025-01-03,AL,2,1504 Longworth House Office Building Washington DC 20515-0102,202-225-2901
Jay Obernolte,rep,Republican,2023-01-03,2025-01-03,CA,23,1029 Longworth House Office Building Washington DC 20515-0523,202-225-5861
Young Kim,rep,Republican,2023-01-03,2025-01-03,CA,40,1306 Longworth House Office Building Washington DC 20515-0540,202-225-4111
Michelle Steel,rep,Republican,2023-01-03,2025-01-03,CA,45,1127 Longworth House Office Building Washington DC 20515-0545,202-225-2415
Sara Jacobs,rep,Democrat,2023-01-03,2025-01-03,CA,51,1314 Longworth House Office Building Washington DC 20515-0551,202-225-2040
Lauren Boebert,rep,Republican,2023-01-03,2025-01-03,CO,3,1713 Longworth House Office Building Washington DC 20515-0603,202-225-4761
Kat Cammack,rep,Republican,2023-01-03,2025-01-03,FL,3,2421 Rayburn House Office Building Washington DC 20515-0903,202-225-5744
Scott Franklin,rep,Republican,2023-01-03,2025-01-03,FL,18,249 Cannon House Office Building Washington DC 20515-0918,202-225-1252
Byron Donalds,rep,Republican,2023-01-03,2025-01-03,FL,19,1719 Longworth House Office Building Washington DC 20515-0919,202-225-2536
Carlos A. Gimenez,rep,Republican,2023-01-03,2025-01-03,FL,28,448 Cannon House Office Building Washington DC 20515-0001,202-225-2778
Maria Elvira Salazar,rep,Republican,2023-01-03,2025-01-03,FL,27,2162 Rayburn House Office Building Washington DC 20515-0927,202-225-3931
Nikema Williams,rep,Democrat,2023-01-03,2025-01-03,GA,5,1406 Longworth House Office Building Washington DC 20515-1005,202-225-3801
Andrew S. Clyde,rep,Republican,2023-01-03,2025-01-03,GA,9,445 Cannon House Office Building Washington DC 20515-1009,202-225-9893
Marjorie Taylor Greene,rep,Republican,2023-01-03,2025-01-03,GA,14,403 Cannon House Office Building Washington DC 20515-1014,202-225-5211
Ashley Hinson,rep,Republican,2023-01-03,2025-01-03,IA,2,1717 Longworth House Office Building Washington DC 20515-1502,202-225-2911
Mariannette Miller-Meeks,rep,Republican,2023-01-03,2025-01-03,IA,1,1034 Longworth House Office Building Washington DC 20515-1501,202-225-6576
Randy Feenstra,rep,Republican,2023-01-03,2025-01-03,IA,4,1440 Longworth House Office Building Washington DC 20515-1504,202-225-4426
Mary E. Miller,rep,Republican,2023-01-03,2025-01-03,IL,15,1740 Longworth House Office Building Washington DC 20515-1315,202-225-5271
Frank J. Mrvan,rep,Democrat,2023-01-03,2025-01-03,IN,1,1607 Longworth House Office Building Washington DC 20515-1401,202-225-2461
Victoria Spartz,rep,Republican,2023-01-03,2025-01-03,IN,5,1609 Longworth House Office Building Washington DC 20515-1405,202-225-2276
Tracey Mann,rep,Republican,2023-01-03,2025-01-03,KS,1,344 Cannon House Office Building Washington DC 20515-1601,202-225-2715
Jake LaTurner,rep,Republican,2023-01-03,2025-01-03,KS,2,2441 Rayburn House Office Building Washington DC 20515-1602,202-225-6601
Jake Auchincloss,rep,Democrat,2023-01-03,2025-01-03,MA,4,1524 Longworth House Office Building Washington DC 20515-2104,202-225-5931
Lisa C. McClain,rep,Republican,2023-01-03,2025-01-03,MI,9,444 Cannon House Office Building Washington DC 20515-2209,202-225-2106
Michelle Fischbach,rep,Republican,2023-01-03,2025-01-03,MN,7,1004 Longworth House Office Building Washington DC 20515-2307,202-225-2165
Cori Bush,rep,Democrat,2023-01-03,2025-01-03,MO,1,2463 Rayburn House Office Building Washington DC 20515-2501,202-225-2406
"Matthew M. Rosendale, Sr.",rep,Republican,2023-01-03,2025-01-03,MT,2,1023 Longworth House Office Building Washington DC 20515-0001,202-225-3211
Deborah K. Ross,rep,Democrat,2023-01-03,2025-01-03,NC,2,1221 Longworth House Office Building Washington DC 20515-3302,202-225-3032
Kathy E. Manning,rep,Democrat,2023-01-03,2025-01-03,NC,6,307 Cannon House Office Building Washington DC 20515-3306,202-225-3065
Teresa Leger Fernandez,rep,Democrat,2023-01-03,2025-01-03,NM,3,1510 Longworth House Office Building Washington DC 20515-3103,202-225-6190
Andrew R. Garbarino,rep,Republican,2023-01-03,2025-01-03,NY,2,2344 Rayburn House Office Building Washington DC 20515-3202,202-225-7896
Nicole Malliotakis,rep,Republican,2023-01-03,2025-01-03,NY,11,351 Cannon House Office Building Washington DC 20515-3211,202-225-3371
Ritchie Torres,rep,Democrat,2023-01-03,2025-01-03,NY,15,1414 Longworth House Office Building Washington DC 20515-3215,202-225-4361
Jamaal Bowman,rep,Democrat,2023-01-03,2025-01-03,NY,16,345 Cannon House Office Building Washington DC 20515-3216,202-225-2464
Stephanie I. Bice,rep,Republican,2023-01-03,2025-01-03,OK,5,2437 Rayburn House Office Building Washington DC 20515-3605,202-225-2132
Cliff Bentz,rep,Republican,2023-01-03,2025-01-03,OR,2,409 Cannon House Office Building Washington DC 20515-3702,202-225-6730
Nancy Mace,rep,Republican,2023-01-03,2025-01-03,SC,1,1728 Longworth House Office Building Washington DC 20515-4001,202-225-3176
Diana Harshbarger,rep,Republican,2023-01-03,2025-01-03,TN,1,167 Cannon House Office Building Washington DC 20515-4201,202-225-6356
Pat Fallon,rep,Republican,2023-01-03,2025-01-03,TX,4,2416 Rayburn House Office Building Washington DC 20515-4304,202-225-6673
August Pfluger,rep,Republican,2023-01-03,2025-01-03,TX,11,1124 Longworth House Office Building Washington DC 20515-4311,202-225-3605
Ronny Jackson,rep,Republican,2023-01-03,2025-01-03,TX,13,446 Cannon House Office Building Washington DC 20515-4313,202-225-3706
Troy E. Nehls,rep,Republican,2023-01-03,2025-01-03,TX,22,1104 Longworth House Office Building Washington DC 20515-4322,202-225-5951
Tony Gonzales,rep,Republican,2023-01-03,2025-01-03,TX,23,2244 Rayburn House Office Building Washington DC 20515-4323,202-225-4511
Beth Van Duyne,rep,Republican,2023-01-03,2025-01-03,TX,24,1725 Longworth House Office Building Washington DC 20515-4324,202-225-6605
Blake D. Moore,rep,Republican,2023-01-03,2025-01-03,UT,1,1131 Longworth House Office Building Washington DC 20515-4401,202-225-0453
Burgess Owens,rep,Republican,2023-01-03,2025-01-03,UT,4,309 Cannon House Office Building Washington DC 20515-4404,202-225-3011
Bob Good,rep,Republican,2023-01-03,2025-01-03,VA,5,461 Cannon House Office Building Washington DC 20515-4605,202-225-4711
Marilyn Strickland,rep,Democrat,2023-01-03,2025-01-03,WA,10,1708 Longworth House Office Building Washington DC 20515-4710,202-225-9740
Scott Fitzgerald,rep,Republican,2023-01-03,2025-01-03,WI,5,1507 Longworth House Office Building Washington DC 20515-4905,202-225-5101
Claudia Tenney,rep,Republican,2023-01-03,2025-01-03,NY,24,2349 Rayburn House Office Building Washington DC 20515-3224,202-225-3665
Julia Letlow,rep,Republican,2023-01-03,2025-01-03,LA,5,142 Cannon House Office Building Washington DC 20515-1805,202-225-8490
Troy A. Carter,rep,Democrat,2023-01-03,2025-01-03,LA,2,442 Cannon House Office Building Washington DC 20515-1802,202-225-6636
Melanie A. Stansbury,rep,Democrat,2023-01-03,2025-01-03,NM,1,1421 Longworth House Office Building Washington DC 20515-3101,202-225-6316
Jake Ellzey,rep,Republican,2023-01-03,2025-01-03,TX,6,1721 Longworth House Office Building Washington DC 20515-4306,202-225-2002
Shontel M. Brown,rep,Democrat,2023-01-03,2025-01-03,OH,11,449 Cannon House Office Building Washington DC 20515-3511,202-225-7032
Mike Carey,rep,Republican,2023-01-03,2025-01-03,OH,15,1433 Longworth House Office Building Washington DC 20515-3515,202-225-2015
Sheila Cherfilus-McCormick,rep,Democrat,2023-01-03,2025-01-03,FL,20,242 Cannon House Office Building Washington DC 20515-0920,202-225-1313
Mike Flood,rep,Republican,2023-01-03,2025-01-03,NE,1,343 Cannon House Office Building Washington DC 20515-2701,202-225-4806
Brad Finstad,rep,Republican,2023-01-03,2025-01-03,MN,1,1605 Longworth House Office Building Washington DC 20515-2301,202-225-2472
Mary Sattler Peltola,rep,Democrat,2023-01-03,2025-01-03,AK,0,153 Cannon House Office Building Washington DC 20515-0200,202-225-5765
Patrick Ryan,rep,Democrat,2023-01-03,2025-01-03,NY,18,1030 Longworth House Office Building Washington DC 20515-3218,202-225-5614
Rudy Yakym III,rep,Republican,2023-01-03,2025-01-03,IN,2,349 Cannon House Office Building Washington DC 20515-1402,202-225-3915
Ryan K. Zinke,rep,Republican,2023-01-03,2025-01-03,MT,1,512 Cannon House Office Building Washington DC 20515-2600,202-225-5628
Dale W. Strong,rep,Republican,2023-01-03,2025-01-03,AL,5,1337 Longworth House Office Building Washington DC 20515-0105,202-225-4801
Elijah Crane,rep,Republican,2023-01-03,2025-01-03,AZ,2,1229 Longworth House Office Building Washington DC 20515-0302,202-225-3361
Juan Ciscomani,rep,Republican,2023-01-03,2025-01-03,AZ,6,1429 Longworth House Office Building Washington DC 20515-0306,202-225-2542
Kevin Kiley,rep,Republican,2023-01-03,2025-01-03,CA,3,1032 Longworth House Office Building Washington DC 20515-0503,202-225-2523
John S. Duarte,rep,Republican,2023-01-03,2025-01-03,CA,13,1535 Longworth House Office Building Washington DC 20515-0513,202-225-1947
Kevin Mullin,rep,Democrat,2023-01-03,2025-01-03,CA,15,1404 Longworth House Office Building Washington DC 20515-0515,202-225-3531
Sydney Kamlager-Dove,rep,Democrat,2023-01-03,2025-01-03,CA,37,1419 Longworth House Office Building Washington DC 20515-0537,202-225-7084
Robert Garcia,rep,Democrat,2023-01-03,2025-01-03,CA,42,1305 Longworth House Office Building Washington DC 20515-0542,202-225-7924
Brittany Pettersen,rep,Democrat,2023-01-03,2025-01-03,CO,7,1230 Longworth House Office Building Washington DC 20515-0607,202-225-2645
Yadira Caraveo,rep,Democrat,2023-01-03,2025-01-03,CO,8,1024 Longworth House Office Building Washington DC 20515-0001,202-225-5625
Aaron Bean,rep,Republican,2023-01-03,2025-01-03,FL,4,1239 Longworth House Office Building Washington DC 20515-0904,202-225-0123
Cory Mills,rep,Republican,2023-01-03,2025-01-03,FL,7,1237 Longworth House Office Building Washington DC 20515-0907,202-225-4035
Maxwell Frost,rep,Democrat,2023-01-03,2025-01-03,FL,10,1224 Longworth House Office Building Washington DC 20515-0910,202-225-2176
Anna Paulina Luna,rep,Republican,2023-01-03,2025-01-03,FL,13,1017 Longworth House Office Building Washington DC 20515-0913,202-225-5961
Laurel M. Lee,rep,Republican,2023-01-03,2025-01-03,FL,15,1118 Longworth House Office Building Washington DC 20515-0915,202-225-5626
Jared Moskowitz,rep,Democrat,2023-01-03,2025-01-03,FL,23,1130 Longworth House Office Building Washington DC 20515-0923,202-225-3001
Richard McCormick,rep,Republican,2023-01-03,2025-01-03,GA,6,1213 Longworth House Office Building Washington DC 20515-1006,202-225-4272
Mike Collins,rep,Republican,2023-01-03,2025-01-03,GA,10,1223 Longworth House Office Building Washington DC 20515-1010,202-225-4101
Jill N. Tokuda,rep,Democrat,2023-01-03,2025-01-03,HI,2,1005 Longworth House Office Building Washington DC 20515-1102,202-225-4906
Zachary Nunn,rep,Republican,2023-01-03,2025-01-03,IA,3,1232 Longworth House Office Building Washington DC 20515-1503,202-225-5476
Jonathan L. Jackson,rep,Democrat,2023-01-03,2025-01-03,IL,1,1641 Longworth House Office Building Washington DC 20515-1301,202-225-4372
Delia C. Ramirez,rep,Democrat,2023-01-03,2025-01-03,IL,3,1523 Longworth House Office Building Washington DC 20515-1303,202-225-5701
Nikki Budzinski,rep,Democrat,2023-01-03,2025-01-03,IL,13,1009 Longworth House Office Building Washington DC 20515-1313,202-225-2371
Eric Sorensen,rep,Democrat,2023-01-03,2025-01-03,IL,17,1205 Longworth House Office Building Washington DC 20515-1317,202-225-5905
Erin Houchin,rep,Republican,2023-01-03,2025-01-03,IN,9,1632 Longworth House Office Building Washington DC 20515-1409,202-225-5315
Morgan McGarvey,rep,Democrat,2023-01-03,2025-01-03,KY,3,1527 Longworth House Office Building Washington DC 20515-1703,202-225-5401
Glenn Ivey,rep,Democrat,2023-01-03,2025-01-03,MD,4,1529 Longworth House Office Building Washington DC 20515-2004,202-225-8699
Hillary J. Scholten,rep,Democrat,2023-01-03,2025-01-03,MI,3,1317 Longworth House Office Building Washington DC 20515-2203,202-225-3831
John James,rep,Republican,2023-01-03,2025-01-03,MI,10,1319 Longworth House Office Building Washington DC 20515-2210,202-225-4961
Shri Thanedar,rep,Democrat,2023-01-03,2025-01-03,MI,13,1039 Longworth House Office Building Washington DC 20515-2213,202-225-5802
Mark Alford,rep,Republican,2023-01-03,2025-01-03,MO,4,1516 Longworth House Office Building Washington DC 20515-2504,202-225-2876
Eric Burlison,rep,Republican,2023-01-03,2025-01-03,MO,7,1108 Longworth House Office Building Washington DC 20515-2507,202-225-6536
Mike Ezell,rep,Republican,2023-01-03,2025-01-03,MS,4,443 Cannon House Office Building Washington DC 20515-2404,202-225-5772
Donald G. Davis,rep,Democrat,2023-01-03,2025-01-03,NC,1,1123 Longworth House Office Building Washington DC 20515-3301,202-225-3101
Valerie P. Foushee,rep,Democrat,2023-01-03,2025-01-03,NC,4,1716 Longworth House Office Building Washington DC 20515-3304,202-225-1784
Chuck Edwards,rep,Republican,2023-01-03,2025-01-03,NC,11,1505 Longworth House Office Building Washington DC 20515-3311,202-225-6401
Wiley Nickel,rep,Democrat,2023-01-03,2025-01-03,NC,13,1133 Longworth House Office Building Washington DC 20515-3313,202-225-4531
Jeff Jackson,rep,Democrat,2023-01-03,2025-01-03,NC,14,1318 Longworth House Office Building Washington DC 20515-0001,202-225-5634
"Thomas H. Kean, Jr.",rep,Republican,2023-01-03,2025-01-03,NJ,7,251 Cannon House Office Building Washington DC 20515-3007,202-225-5361
Robert Menendez,rep,Democrat,2023-01-03,2025-01-03,NJ,8,1007 Longworth House Office Building Washington DC 20515-3008,202-225-7919
Gabe Vasquez,rep,Democrat,2023-01-03,2025-01-03,NM,2,1517 Longworth House Office Building Washington DC 20515-3102,202-225-2365
Nick LaLota,rep,Republican,2023-01-03,2025-01-03,NY,1,1530 Longworth House Office Building Washington DC 20515-3201,202-225-3826
Anthony D'Esposito,rep,Republican,2023-01-03,2025-01-03,NY,4,1508 Longworth House Office Building Washington DC 20515-3204,202-225-5516
Daniel S. Goldman,rep,Democrat,2023-01-03,2025-01-03,NY,10,245 Cannon House Office Building Washington DC 20515-3210,202-225-7944
Michael Lawler,rep,Republican,2023-01-03,2025-01-03,NY,17,1013 Longworth House Office Building Washington DC 20515-3217,202-225-6506
Marcus J. Molinaro,rep,Republican,2023-01-03,2025-01-03,NY,19,1207 Longworth House Office Building Washington DC 20515-3219,202-225-5441
Brandon Williams,rep,Republican,2023-01-03,2025-01-03,NY,22,1022 Longworth House Office Building Washington DC 20515-3222,202-225-3701
Nicholas A. Langworthy,rep,Republican,2023-01-03,2025-01-03,NY,23,1630 Longworth House Office Building Washington DC 20515-3223,202-225-3161
Greg Landsman,rep,Democrat,2023-01-03,2025-01-03,OH,1,1432 Longworth House Office Building Washington DC 20515-3501,202-225-2216
Max L. Miller,rep,Republican,2023-01-03,2025-01-03,OH,7,143 Cannon House Office Building Washington DC 20515-3507,202-225-3876
Emilia Strong Sykes,rep,Democrat,2023-01-03,2025-01-03,OH,13,1217 Longworth House Office Building Washington DC 20515-3513,202-225-6265
Josh Brecheen,rep,Republican,2023-01-03,2025-01-03,OK,2,1208 Longworth House Office Building Washington DC 20515-3602,202-225-2701
Val T. Hoyle,rep,Democrat,2023-01-03,2025-01-03,OR,4,1620 Longworth House Office Building Washington DC 20515-3704,202-225-6416
Lori Chavez-DeRemer,rep,Republican,2023-01-03,2025-01-03,OR,5,1722 Longworth House Office Building Washington DC 20515-3705,202-225-5711
Andrea Salinas,rep,Democrat,2023-01-03,2025-01-03,OR,6,109 Cannon House Office Building Washington DC 20515-0001,202-225-5643
Summer L. Lee,rep,Democrat,2023-01-03,2025-01-03,PA,12,243 Cannon House Office Building Washington DC 20515-3812,202-225-2135
Christopher R. Deluzio,rep,Democrat,2023-01-03,2025-01-03,PA,17,1222 Longworth House Office Building Washington DC 20515-3817,202-225-2301
Seth Magaziner,rep,Democrat,2023-01-03,2025-01-03,RI,2,1218 Longworth House Office Building Washington DC 20515-3902,202-225-2735
Russell Fry,rep,Republican,2023-01-03,2025-01-03,SC,7,1626 Longworth House Office Building Washington DC 20515-4007,202-225-9895
Andrew Ogles,rep,Republican,2023-01-03,2025-01-03,TN,5,151 Cannon House Office Building Washington DC 20515-4205,202-225-4311
Nathaniel Moran,rep,Republican,2023-01-03,2025-01-03,TX,1,1541 Longworth House Office Building Washington DC 20515-4301,202-225-3035
Keith Self,rep,Republican,2023-01-03,2025-01-03,TX,3,1113 Longworth House Office Building Washington DC 20515-4303,202-225-4201
Morgan Luttrell,rep,Republican,2023-01-03,2025-01-03,TX,8,1320 Longworth House Office Building Washington DC 20515-4308,202-225-4901
Monica De La Cruz,rep,Republican,2023-01-03,2025-01-03,TX,15,1415 Longworth House Office Building Washington DC 20515-4315,202-225-9901
Jasmine Crockett,rep,Democrat,2023-01-03,2025-01-03,TX,30,1616 Longworth House Office Building Washington DC 20515-4330,202-225-8885
Greg Casar,rep,Democrat,2023-01-03,2025-01-03,TX,35,1339 Longworth House Office Building Washington DC 20515-4335,202-225-5645
Wesley Hunt,rep,Republican,2023-01-03,2025-01-03,TX,38,1520 Longworth House Office Building Washington DC 20515-0001,202-225-5646
Jennifer Kiggans,rep,Republican,2023-01-03,2025-01-03,VA,2,1037 Longworth House Office Building Washington DC 20515-4602,202-225-4215
Becca Balint,rep,Democrat,2023-01-03,2025-01-03,VT,0,1408 Longworth House Office Building Washington DC 20515-4500,202-225-4115
Marie Gluesenkamp Perez,rep,Democrat,2023-01-03,2025-01-03,WA,3,1431 Longworth House Office Building Washington DC 20515-4703,202-225-3536
Derrick Van Orden,rep,Republican,2023-01-03,2025-01-03,WI,3,1513 Longworth House Office Building Washington DC 20515-4903,202-225-5506
Harriet M. Hageman,rep,Republican,2023-01-03,2025-01-03,WY,0,1531 Longworth House Office Building Washington DC 20515-5000,202-225-2311
Jennifer L. McClellan,rep,Democrat,2023-03-07,2025-01-03,VA,4,2417 Rayburn House Office Building Washington DC 20515-4604,202-225-6365
Gabe Amo,rep,Democrat,2023-11-07,2025-01-03,RI,1,2233 Rayburn House Office Building Washington DC 20515-3901,202-225-4911
Celeste Maloy,rep,Republican,2023-11-21,2025-01-03,UT,2,166 Cannon House Office Building Washington DC 20515-4402,202-225-9730
Thomas R. Suozzi,rep,Democrat,2024-02-13,2025-01-03,NY,3,1117 Longworth House Office Building Washington DC 20515-3203,202-225-3335
Timothy M. Kennedy,rep,Democrat,2024-05-06,2025-01-03,NY,26,2269 Rayburn House Office Building Washington DC 20515-3226,202-225-3306
Vince Fong,rep,Republican,2024-06-03,2025-01-03,CA,20,2468 Rayburn House Office Building Washington DC 20515-0520,202-225-2915
Michael A. Rulli,rep,Republican,2024-06-11,2025-01-03,OH,6,2082 Rayburn House Office Building Washington DC 20515-3506,202-225-5705
Greg Lopez,rep,Republican,2024-07-08,2025-01-03,CO,4,2455 Rayburn House Office Building Washington DC 20515-0604,202-225-4676
LaMonica McIver,rep,Democrat,2024-09-18,2025-01-03,NJ,10,106 Cannon House Office Building Washington DC 20515-3010,202-225-3436
"Bill Pascrell, Jr.",rep,Democrat,"January 3, 1997","August 21, 2024",New Jersey,9th District,"2104 Rayburn House Office Building, Washington, DC 20515",(202) 225-5751
Sheila Jackson Lee,rep,Democrat,"January 3, 1995","July 19, 2024",Texas,18th District,"2470 Rayburn House Office Building, Washington, DC 20515",(202) 225-3816
Mike Gallagher,rep,Republican,"January 3, 2017","April 24, 2024",Wisconsin,8th District,"1230 Longworth House Office Building, Washington, DC 20515",(202) 225-5665
